{"loss": {"train": {"0": 0.44433504343032837, "1": 0.35969653725624084, "2": 0.3232702612876892, "3": 0.31347912549972534, "4": 0.25688281655311584, "5": 0.2097826898097992, "6": 0.17107953131198883, "7": 0.1754680573940277, "8": 0.1739121973514557, "9": 0.16949039697647095, "10": 0.16886508464813232, "11": 0.16324332356452942, "12": 0.15257474780082703, "13": 0.14574041962623596, "14": 0.14502497017383575, "15": 0.13283127546310425, "16": 0.13412711024284363, "17": 0.13277539610862732, "18": 0.13521254062652588, "19": 0.13675159215927124, "20": 0.1358807533979416, "21": 0.12798327207565308, "22": 0.12682801485061646, "23": 0.12157781422138214, "24": 0.11996687203645706, "25": 0.12005726993083954, "26": 0.11785122007131577, "27": 0.1173069104552269, "28": 0.11177849024534225, "29": 0.1128823310136795, "30": 0.11453084647655487, "31": 0.11138440668582916, "32": 0.11244966089725494, "33": 0.11274014413356781, "34": 0.10637480020523071, "35": 0.10783116519451141, "36": 0.10699597001075745, "37": 0.10582312196493149, "38": 0.10521870106458664, "39": 0.10120941698551178, "40": 0.10342752933502197, "41": 0.10149956494569778, "42": 0.09956933557987213, "43": 0.10166854411363602, "44": 0.09929139912128448, "45": 0.09777659177780151, "46": 0.10034911334514618, "47": 0.09856030344963074, "48": 0.0989939495921135, "49": 0.09878097474575043, "50": 0.0968671441078186, "51": 0.09414784610271454, "52": 0.09428654611110687, "53": 0.09525081515312195, "54": 0.09530196338891983, "55": 0.09628330171108246, "56": 0.09137186408042908, "57": 0.09031642973423004, "58": 0.08909767866134644, "59": 0.09403813630342484, "60": 0.09328068047761917, "61": 0.09094931930303574, "62": 0.0891408622264862, "63": 0.09106962382793427, "64": 0.09074508398771286, "65": 0.09140017628669739, "66": 0.08968974649906158, "67": 0.08871808648109436, "68": 0.08752989768981934, "69": 0.08812573552131653, "70": 0.08641258627176285, "71": 0.09070955961942673, "72": 0.08857706189155579, "73": 0.08563469350337982, "74": 0.08852265030145645, "75": 0.08664487302303314, "76": 0.08572830259799957, "77": 0.08675360679626465, "78": 0.08318476378917694, "79": 0.08749400079250336, "80": 0.08581289649009705, "81": 0.08461309969425201, "82": 0.08319544792175293, "83": 0.08304262906312943, "84": 0.08367079496383667, "85": 0.08063246309757233, "86": 0.08062003552913666, "87": 0.08258768171072006, "88": 0.08442817628383636, "89": 0.08300039172172546, "90": 0.0831950455904007, "91": 0.08121632039546967, "92": 0.08328355848789215, "93": 0.08049634099006653, "94": 0.08005960285663605, "95": 0.0787217766046524, "96": 0.07896675169467926, "97": 0.0781390368938446, "98": 0.08104346692562103, "99": 0.0797228068113327, "100": 0.076974056661129, "101": 0.08037814497947693, "102": 0.07772937417030334, "103": 0.0794060081243515, "104": 0.07938312739133835, "105": 0.07793249189853668, "106": 0.07862691581249237, "107": 0.07820677757263184, "108": 0.0789317637681961, "109": 0.07438542693853378, "110": 0.07475890219211578, "111": 0.07879212498664856, "112": 0.07595433294773102, "113": 0.07545202970504761, "114": 0.07862992584705353, "115": 0.07661974430084229, "116": 0.07686951756477356, "117": 0.07556179165840149, "118": 0.07617586851119995, "119": 0.0775534138083458, "120": 0.07442629337310791, "121": 0.07426032423973083, "122": 0.07376350462436676, "123": 0.07742683589458466, "124": 0.07544634491205215, "125": 0.07538535445928574, "126": 0.07553999125957489, "127": 0.07478611171245575, "128": 0.07441547513008118, "129": 0.07659555226564407, "130": 0.0723971351981163, "131": 0.07452408969402313, "132": 0.07410407811403275, "133": 0.07431916892528534, "134": 0.07493847608566284, "135": 0.07343484461307526, "136": 0.07174001634120941, "137": 0.07264155149459839, "138": 0.07048216462135315, "139": 0.07152514904737473, "140": 0.07180242240428925, "141": 0.0709073394536972, "142": 0.0711415633559227, "143": 0.07271440327167511, "144": 0.07319030165672302, "145": 0.07190313935279846, "146": 0.06988698244094849, "147": 0.07212851941585541, "148": 0.07108613848686218, "149": 0.06942257285118103, "150": 0.06984620541334152, "151": 0.06938109546899796, "152": 0.070102758705616, "153": 0.06923264265060425, "154": 0.06857557594776154, "155": 0.06841006875038147, "156": 0.07090484350919724, "157": 0.06873682141304016, "158": 0.06906066089868546, "159": 0.0674581229686737, "160": 0.06926480680704117, "161": 0.06650009751319885, "162": 0.0703105628490448, "163": 0.0689343512058258, "164": 0.0697442814707756, "165": 0.06615225970745087, "166": 0.0663168728351593, "167": 0.06792430579662323, "168": 0.06755977869033813, "169": 0.06836958229541779, "170": 0.06813277304172516, "171": 0.06813696026802063, "172": 0.0675501599907875, "173": 0.06684285402297974, "174": 0.067148856818676, "175": 0.06798721849918365, "176": 0.06606665253639221, "177": 0.06622026860713959, "178": 0.06650085002183914, "179": 0.06567259132862091, "180": 0.06713970005512238, "181": 0.06392838060855865, "182": 0.06583601981401443, "183": 0.06288881599903107, "184": 0.06689824163913727, "185": 0.0643855631351471, "186": 0.06592554599046707, "187": 0.06407946348190308, "188": 0.06497819721698761, "189": 0.062335625290870667, "190": 0.06354957073926926, "191": 0.06354973465204239, "192": 0.06442637741565704, "193": 0.06291002035140991, "194": 0.06343747675418854, "195": 0.061220623552799225, "196": 0.0635686069726944, "197": 0.06419263035058975, "198": 0.06357482075691223, "199": 0.06403109431266785, "200": 0.06164422631263733, "201": 0.060429200530052185, "202": 0.06225722283124924, "203": 0.06090778857469559, "204": 0.060325074940919876, "205": 0.06156475469470024, "206": 0.06219588220119476, "207": 0.06122392416000366, "208": 0.061893682926893234, "209": 0.0617716982960701, "210": 0.061486974358558655, "211": 0.06020914390683174, "212": 0.06117792800068855, "213": 0.06009967625141144, "214": 0.06099855527281761, "215": 0.06124267727136612, "216": 0.05938518047332764, "217": 0.06026320531964302, "218": 0.059685349464416504, "219": 0.05795171111822128, "220": 0.05908684805035591, "221": 0.0599023811519146, "222": 0.060443565249443054, "223": 0.05727853626012802, "224": 0.05876407027244568, "225": 0.06025464087724686, "226": 0.05961671099066734, "227": 0.05840102955698967, "228": 0.05818219482898712, "229": 0.059442996978759766, "230": 0.057940512895584106, "231": 0.05958537757396698, "232": 0.05880435183644295, "233": 0.05740221589803696, "234": 0.05936990678310394, "235": 0.05804481729865074, "236": 0.057940773665905, "237": 0.05829659104347229, "238": 0.05894613638520241, "239": 0.05641994625329971, "240": 0.05803767591714859, "241": 0.056366804987192154, "242": 0.058088518679142, "243": 0.05817815661430359, "244": 0.05741328001022339, "245": 0.05617322772741318, "246": 0.058303624391555786, "247": 0.058032549917697906, "248": 0.05579619109630585, "249": 0.058478277176618576, "250": 0.057346392422914505, "251": 0.05694367736577988, "252": 0.0565958172082901, "253": 0.05863923951983452, "254": 0.056294046342372894, "255": 0.057636916637420654, "256": 0.05724859982728958, "257": 0.05702655762434006, "258": 0.05628872290253639, "259": 0.05575420707464218, "260": 0.05579259246587753, "261": 0.05627364665269852, "262": 0.05650246888399124, "263": 0.056072529405355453, "264": 0.05626719444990158, "265": 0.054653652012348175, "266": 0.056171055883169174, "267": 0.054177552461624146, "268": 0.052815623581409454, "269": 0.054494708776474, "270": 0.05494160205125809, "271": 0.05440279841423035, "272": 0.055818453431129456, "273": 0.05383231118321419, "274": 0.054949499666690826, "275": 0.05229891091585159, "276": 0.05445799231529236, "277": 0.053264766931533813, "278": 0.05554354935884476, "279": 0.054407842457294464, "280": 0.05504973232746124, "281": 0.054962657392024994, "282": 0.05261749029159546, "283": 0.053577862679958344, "284": 0.05315648764371872, "285": 0.05351817607879639, "286": 0.0534462034702301, "287": 0.054643113166093826, "288": 0.05194273218512535,