{"loss": {"train": {"0": 0.34765625, "1": 0.3395501375198364, "2": 0.3270854353904724, "3": 0.2792413830757141, "4": 0.23296251893043518, "5": 0.1784476637840271, "6": 0.16418057680130005, "7": 0.14247408509254456, "8": 0.13407687842845917, "9": 0.12443123757839203, "10": 0.12119455635547638, "11": 0.11606162786483765, "12": 0.1092052012681961, "13": 0.10717497766017914, "14": 0.10748724639415741, "15": 0.10188248753547668, "16": 0.10574313998222351, "17": 0.09654510766267776, "18": 0.09805713593959808, "19": 0.10057108104228973, "20": 0.09464535117149353, "21": 0.09042218327522278, "22": 0.09324686974287033, "23": 0.08911451697349548, "24": 0.09568746387958527, "25": 0.0911889597773552, "26": 0.08357426524162292, "27": 0.08128317445516586, "28": 0.07997544854879379, "29": 0.08356203138828278, "30": 0.08499929308891296, "31": 0.07695584744215012, "32": 0.07959672808647156, "33": 0.07801448553800583, "34": 0.07262488454580307, "35": 0.07613913714885712, "36": 0.07194769382476807, "37": 0.07648918032646179, "38": 0.07092112302780151, "39": 0.07735932618379593, "40": 0.06657762825489044, "41": 0.07115183770656586, "42": 0.0731700137257576, "43": 0.07497799396514893, "44": 0.06918966770172119, "45": 0.07209333777427673, "46": 0.06843569874763489, "47": 0.07109269499778748, "48": 0.07148784399032593, "49": 0.06738811731338501, "50": 0.06624164432287216, "51": 0.06498043239116669, "52": 0.06553465127944946, "53": 0.06429734081029892, "54": 0.06258334219455719, "55": 0.06149376928806305, "56": 0.06391404569149017, "57": 0.0637698769569397, "58": 0.06456971168518066, "59": 0.06442710012197495, "60": 0.06397734582424164, "61": 0.06274285912513733, "62": 0.057508401572704315, "63": 0.06120814383029938, "64": 0.06271835416555405, "65": 0.06046265736222267, "66": 0.0595608651638031, "67": 0.0595581978559494, "68": 0.05873788148164749, "69": 0.056256961077451706, "70": 0.05679358169436455, "71": 0.05828284099698067, "72": 0.058035820722579956, "73": 0.054906003177165985, "74": 0.05530848354101181, "75": 0.056222766637802124, "76": 0.05669458955526352, "77": 0.05669702962040901, "78": 0.05186465382575989, "79": 0.0572022907435894, "80": 0.05547477304935455, "81": 0.05291634798049927, "82": 0.05452027544379234, "83": 0.05474891886115074, "84": 0.051821064203977585, "85": 0.050841834396123886, "86": 0.054852716624736786, "87": 0.0523148849606514, "88": 0.05146317929029465, "89": 0.05180203542113304, "90": 0.05039924383163452, "91": 0.0506596565246582, "92": 0.05174717679619789, "93": 0.05009101703763008, "94": 0.05098728463053703, "95": 0.03789537027478218, "96": 0.05083640664815903, "97": 0.048851337283849716, "98": 0.05112065374851227, "99": 0.04913300648331642, "100": 0.05040827393531799, "101": 0.05223173275589943, "102": 0.047985974699258804, "103": 0.048884011805057526, "104": 0.04954281449317932, "105": 0.048288825899362564, "106": 0.047634873539209366, "107": 0.04580016806721687, "108": 0.0502815842628479, "109": 0.049801431596279144, "110": 0.046913519501686096, "111": 0.048171516507864, "112": 0.049567531794309616, "113": 0.04736076295375824, "114": 0.04928140342235565, "115": 0.04892510920763016, "116": 0.046650324016809464, "117": 0.04873659461736679, "118": 0.04596179723739624, "119": 0.04656491428613663, "120": 0.047399234026670456, "121": 0.04388537257909775, "122": 0.04460270702838898, "123": 0.04628981649875641, "124": 0.047632794827222824, "125": 0.045134831219911575, "126": 0.045674920082092285, "127": 0.044907718896865845, "128": 0.04571572318673134, "129": 0.04528653994202614, "130": 0.04614392668008804, "131": 0.046689100563526154, "132": 0.046692050993442535, "133": 0.04598570242524147, "134": 0.04497300833463669, "135": 0.04558183252811432, "136": 0.04711005836725235, "137": 0.04547031223773956, "138": 0.0445118322968483, "139": 0.04437971115112305, "140": 0.04286423325538635, "141": 0.043888963758945465, "142": 0.04511253163218498, "143": 0.044138722121715546, "144": 0.04559722915291786, "145": 0.043149031698703766, "146": 0.04310814291238785, "147": 0.045757558196783066, "148": 0.04622760787606239, "149": 0.045529402792453766, "150": 0.04529409483075142, "151": 0.04457482695579529, "152": 0.04517759382724762, "153": 0.04254695028066635, "154": 0.04251665621995926, "155": 0.04239810258150101, "156": 0.04446106776595116, "157": 0.045655541121959686, "158": 0.043358057737350464, "159": 0.043427929282188416, "160": 0.043035656213760376, "161": 0.04409220069646835, "162": 0.04339146241545677, "163": 0.043778613209724426, "164": 0.04261273145675659, "165": 0.0435013510286808, "166": 0.043271541595458984, "167": 0.04313741996884346, "168": 0.04404361546039581, "169": 0.04309158772230148, "170": 0.04359256476163864, "171": 0.0419776551425457, "172": 0.04351542145013809, "173": 0.043811067938804626, "174": 0.04214413836598396, "175": 0.045026347041130066, "176": 0.043521683663129807, "177": 0.04305438697338104, "178": 0.04175250232219696, "179": 0.04235651344060898, "180": 0.04584937542676926, "181": 0.044327445328235626, "182": 0.04090990126132965, "183": 0.04225107282400131, "184": 0.04118020832538605, "185": 0.040213972330093384, "186": 0.041549429297447205, "187": 0.040910154581069946, "188": 0.04046148806810379, "189": 0.04350968077778816, "190": 0.04139739274978638, "191": 0.038794588297605515, "192": 0.04086374491453171, "193": 0.043234482407569885, "194": 0.04185960441827774, "195": 0.039991218596696854, "196": 0.042438603937625885, "197": 0.039545319974422455, "198": 0.04178802669048309, "199": 0.04038837552070618, "200": 0.040798120200634, "201": 0.03737320378422737, "202": 0.041648685932159424, "203": 0.039485279470682144, "204": 0.04040587693452835, "205": 0.04111894592642784, "206": 0.040554147213697433, "207": 0.04013001546263695, "208": 0.039224252104759216, "209": 0.04089809209108353, "210": 0.038240816444158554, "211": 0.03954094648361206, "212": 0.04071350395679474, "213": 0.03966641426086426, "214": 0.04104887694120407, "215": 0.040172502398490906, "216": 0.041039273142814636, "217": 0.03829941153526306, "218": 0.04057244956493378, "219": 0.04020995646715164, "220": 0.03995562717318535, "221": 0.03874164819717407, "222": 0.04122643917798996, "223": 0.03891654312610626, "224": 0.036711275577545166, "225": 0.039189212024211884, "226": 0.03966670483350754, "227": 0.0402272567152977, "228": 0.03767906129360199, "229": 0.039059460163116455, "230": 0.03821595013141632, "231": 0.03684902936220169, "232": 0.0402606725692749, "233": 0.03937390446662903, "234": 0.039234645664691925, "235": 0.03979359567165375, "236": 0.03957682475447655, "237": 0.03855697810649872, "238": 0.041148409247398376, "239": 0.038022447377443314, "240": 0.038952648639678955, "241": 0.041538581252098083, "242": 0.03924170136451721, "243": 0.03878307342529297, "244": 0.03746254742145538, "245": 0.040812160819768906, "246": 0.03758017718791962, "247": 0.03822037950158119, "248": 0.038478679955005646, "249": 0.03852410987019539, "250": 0.03923506289720535, "251": 0.038798194378614426, "252": 0.039834361523389816, "253": 0.03923943266272545, "254": 0.03808724135160446, "255": 0.039305105805397034, "256": 0.038015276193618774, "257": 0.03715633600950241, "258": 0.03890965133905411, "259": 0.03951311111450195, "260": 0.039853423833847046, "261": 0.03908509761095047, "262": 0.03883639723062515, "263": 0.038760703057050705, "264": 0.03913399577140808, "265": 0.03879307955503464, "266": 0.03957175463438034, "267": 0.03688813000917435, "268": 0.03640417382121086, "269": 0.03749775141477585, "270": 0.037479206919670105, "271": 0.03895240277051926, "272": 0.039287202060222626, "273": 0.03821612894535065, "274": 0.038540586829185486, "275": 0.03593674302101135, "276": 0.03698188066482544, "277": 0.038399338722229004, "278": 0.03855083882808685, "279": 0.0353839136660099, "280": 0.037961144000291824, "281": 0.03586830943822861, "282": 0.03732755035161972, "283": 0.038732897490262985, "284": 0.038545746356248856, "285": 0.03798854351043701, "286": 0.03381837159395218,