{"loss": {"train": {"0": 0.34750592708587646, "1": 0.3307371139526367, "2": 0.2944886386394501, "3": 0.1953267753124237, "4": 0.14723962545394897, "5": 0.10490594059228897, "6": 0.1104983240365982, "7": 0.09953104704618454, "8": 0.09461527317762375, "9": 0.09243708848953247, "10": 0.08953560143709183, "11": 0.09203137457370758, "12": 0.08554600179195404, "13": 0.09231771528720856, "14": 0.08985245227813721, "15": 0.08144499361515045, "16": 0.088775634765625, "17": 0.08753339946269989, "18": 0.09145016968250275, "19": 0.08236995339393616, "20": 0.08273032307624817, "21": 0.08888591825962067, "22": 0.08460162580013275, "23": 0.08227060735225677, "24": 0.08067585527896881, "25": 0.08470571041107178, "26": 0.07780482620000839, "27": 0.08229809999465942, "28": 0.07562831044197083, "29": 0.08085775375366211, "30": 0.08269716799259186, "31": 0.07935653626918793, "32": 0.08233065903186798, "33": 0.08049836754798889, "34": 0.08048436790704727, "35": 0.08097247034311295, "36": 0.07944749295711517, "37": 0.0747108981013298, "38": 0.07934370636940002, "39": 0.07082568854093552, "40": 0.07972685992717743, "41": 0.06954431533813477, "42": 0.07375878095626831, "43": 0.07318572700023651, "44": 0.07368633151054382, "45": 0.07585938274860382, "46": 0.07138179987668991, "47": 0.07456137239933014, "48": 0.073467917740345, "49": 0.0681365504860878, "50": 0.0677744448184967, "51": 0.07216788828372955, "52": 0.0736493393778801, "53": 0.07174991071224213, "54": 0.07400880753993988, "55": 0.07304808497428894, "56": 0.07222425937652588, "57": 0.06758587062358856, "58": 0.07213330268859863, "59": 0.06538188457489014, "60": 0.06482426822185516, "61": 0.06530863046646118, "62": 0.06695239245891571, "63": 0.06096453219652176, "64": 0.06024777889251709, "65": 0.06526828557252884, "66": 0.06486429274082184, "67": 0.06125066429376602, "68": 0.06534571945667267, "69": 0.06186628341674805, "70": 0.06215239316225052, "71": 0.05930498242378235, "72": 0.05925125256180763, "73": 0.06001017987728119, "74": 0.05867300182580948, "75": 0.058515433222055435, "76": 0.061718691140413284, "77": 0.0600881427526474, "78": 0.0567401722073555, "79": 0.05756327882409096, "80": 0.05539834126830101, "81": 0.056732483208179474, "82": 0.05776052922010422, "83": 0.05423124134540558, "84": 0.05384963005781174, "85": 0.05388453230261803, "86": 0.054049473255872726, "87": 0.05582534521818161, "88": 0.05048440396785736, "89": 0.054211340844631195, "90": 0.05344274640083313, "91": 0.05268465727567673, "92": 0.05145178362727165, "93": 0.05190803110599518, "94": 0.05081114172935486, "95": 0.04748719185590744, "96": 0.05309821665287018, "97": 0.04961617290973663, "98": 0.0488971546292305, "99": 0.05124190077185631, "100": 0.050026025623083115, "101": 0.04988354444503784, "102": 0.04908084496855736, "103": 0.047548919916152954, "104": 0.049219436943531036, "105": 0.04922543466091156, "106": 0.04892246425151825, "107": 0.049403123557567596, "108": 0.04735880717635155, "109": 0.04851323366165161, "110": 0.04908863827586174, "111": 0.04511469975113869, "112": 0.04471057280898094, "113": 0.0473104827105999, "114": 0.046755485236644745, "115": 0.0454145185649395, "116": 0.0462801530957222, "117": 0.04574576020240784, "118": 0.04585757851600647, "119": 0.04473261535167694, "120": 0.045656874775886536, "121": 0.047407183796167374, "122": 0.04532640799880028, "123": 0.04824705421924591, "124": 0.04488223046064377, "125": 0.044911276549100876, "126": 0.043988391757011414, "127": 0.04607279226183891, "128": 0.04654741287231445, "129": 0.04366292804479599, "130": 0.04346327483654022, "131": 0.04445464536547661, "132": 0.04352390766143799, "133": 0.04488220065832138, "134": 0.04439344257116318, "135": 0.04443957656621933, "136": 0.04454384744167328, "137": 0.04293525218963623, "138": 0.04549867659807205, "139": 0.04395216703414917, "140": 0.043103527277708054, "141": 0.045183416455984116, "142": 0.0439249724149704, "143": 0.04677739366889, "144": 0.042785678058862686, "145": 0.04351773113012314, "146": 0.04237397760152817, "147": 0.04324012249708176, "148": 0.04271738976240158, "149": 0.04344108700752258, "150": 0.04365246370434761, "151": 0.0433894507586956, "152": 0.03884684294462204, "153": 0.042904190719127655, "154": 0.041601650416851044, "155": 0.043017033487558365, "156": 0.042386651039123535, "157": 0.04344581812620163, "158": 0.04141322523355484, "159": 0.04321984574198723, "160": 0.04401811212301254, "161": 0.040507085621356964, "162": 0.04149024188518524, "163": 0.04278179630637169, "164": 0.042040612548589706, "165": 0.04103320091962814, "166": 0.04236697405576706, "167": 0.042096298187971115, "168": 0.03895805403590202, "169": 0.04156607389450073, "170": 0.04113836586475372, "171": 0.04095762223005295, "172": 0.041097600013017654, "173": 0.0412592887878418, "174": 0.04147696495056152, "175": 0.042099155485630035, "176": 0.04259593039751053, "177": 0.04365956410765648, "178": 0.04253189265727997, "179": 0.040967658162117004, "180": 0.042587947100400925, "181": 0.04086438938975334, "182": 0.04331371188163757, "183": 0.040372610092163086, "184": 0.041064903140068054, "185": 0.040142741054296494, "186": 0.04013765603303909, "187": 0.04009589925408363, "188": 0.03995146602392197, "189": 0.04117192327976227, "190": 0.041095513850450516, "191": 0.039094675332307816, "192": 0.03998478874564171, "193": 0.040442369878292084, "194": 0.0401628352701664, "195": 0.04022398218512535, "196": 0.03973747044801712, "197": 0.04008461534976959, "198": 0.03900054469704628, "199": 0.03945580869913101, "200": 0.03946565091609955, "201": 0.038423944264650345, "202": 0.038993045687675476, "203": 0.038633786141872406, "204": 0.03805052489042282, "205": 0.03923044726252556, "206": 0.03968781232833862, "207": 0.04021071642637253, "208": 0.04026329517364502, "209": 0.04044150561094284, "210": 0.03847920522093773, "211": 0.03899047523736954, "212": 0.03683079406619072, "213": 0.038998376578092575, "214": 0.03962356224656105, "215": 0.03747311607003212, "216": 0.03878031671047211, "217": 0.03881734609603882, "218": 0.037406086921691895, "219": 0.03944713994860649, "220": 0.03824393451213837, "221": 0.03923337161540985, "222": 0.038282617926597595, "223": 0.03618907183408737, "224": 0.0394163504242897, "225": 0.03826887160539627, "226": 0.03668786212801933, "227": 0.04009610414505005, "228": 0.03784432262182236, "229": 0.03829373046755791, "230": 0.03915078192949295, "231": 0.03852510452270508, "232": 0.03983191400766373, "233": 0.03826621547341347, "234": 0.03708099201321602, "235": 0.03765125572681427, "236": 0.03859516978263855, "237": 0.0364309698343277, "238": 0.03792041540145874, "239": 0.035892874002456665, "240": 0.038296207785606384, "241": 0.03700431436300278, "242": 0.035321880131959915, "243": 0.03850145637989044, "244": 0.03740296512842178, "245": 0.038731545209884644, "246": 0.038323547691106796, "247": 0.03548519313335419, "248": 0.037999145686626434, "249": 0.03802879899740219, "250": 0.03808041661977768, "251": 0.03697863221168518, "252": 0.03800621256232262, "253": 0.03754828870296478, "254": 0.036587193608284, "255": 0.034577466547489166, "256": 0.035884954035282135, "257": 0.03818348050117493, "258": 0.03727627173066139, "259": 0.03741534799337387, "260": 0.03341567516326904, "261": 0.03713962063193321, "262": 0.03931831568479538, "263": 0.03727573901414871, "264": 0.036875803023576736, "265": 0.035709623247385025, "266": 0.03698670119047165, "267": 0.03848709166049957, "268": 0.03772842511534691, "269": 0.03711267560720444, "270": 0.035959430038928986, "271": 0.03525663912296295, "272": 0.03697825223207474, "273": 0.03641714155673981, "274": 0.03539625555276871, "275": 0.03703299164772034, "276": 0.03504647687077522, "277": 0.03632530942559242, "278": 0.038126274943351746, "279": 0.03699489310383797, "280": 0.036412615329027176, "281": 0.035751670598983765, "282": 0.03812972456216812, "283": 0.0375390499830246, "284": 0.03636626526713371, "285": 0.03705248236656189, "286": 0.036327898502349854, "287": 0.036372024565935135,